{
  "anna": "K",
  "maria": "K",
  "marianna": "K",
  "zofia": "K",
  "zuzanna": "K",
  "jadwiga": "K",
  "helena": "K",
  "stanisława": "K",
  "franciszka": "K",
  "rozalia": "K",
  "weronika": "K",
  "teofila": "K",
  "bronisława": "K",
  "kazimiera": "K",
  "genowefa": "K",
  "apolonia": "K",
  "pelagia": "K",
  "aniela": "K",
  "leokadia": "K",
  "cecylia": "K",
  "kornelia": "K",
  "balbina": "K",
  "wiktoria": "K",
  "konstancja": "K",
  "klara": "K",
  "berta": "K",
  "elżbieta": "K",
  "agnieszka": "K",
  "józefa": "K",
  "regina": "K",
  "sabina": "K",
  "emilia": "K",
  "antonina": "K",
  "paulina": "K",
  "teodozja": "K",
  "filomena": "K",
  "honorata": "K",
  "irena": "K",
  "janina": "K",
  "krystyna": "K",
  "alina": "K",
  "halina": "K",
  "bożena": "K",
  "danuta": "K",
  "łucja": "K",
  "teresa": "K",
  "urszula": "K",
  "barbara": "K",
  "ewa": "K",
  "marta": "K",
  "magdalena": "K",
  "joanna": "K",
  "karolina": "K",
  "katarzyna": "K",
  "aleksandra": "K",
  "monika": "K",
  "patrycja": "K",
  "justyna": "K",
  "dominika": "K",
  "klaudia": "K",
  "ilona": "K",
  "dagmara": "K",
  "oliwia": "K",
  "natalia": "K",
  "julia": "K",
  "amalia": "K",
  "adela": "K",
  "adelajda": "K",
  "aldona": "K",
  "alojza": "K",
  "anastazja": "K",
  "angelika": "K",
  "beata": "K",
  "bernadeta": "K",
  "bogumiła": "K",
  "celina": "K",
  "daria": "K",
  "dorota": "K",
  "edyta": "K",
  "eleonora": "K",
  "ernesta": "K",
  "felicja": "K",
  "flora": "K",
  "gabriela": "K",
  "gizela": "K",
  "grażyna": "K",
  "hanna": "K",
  "hermina": "K",
  "izabela": "K",
  "jolanta": "K",
  "jowita": "K",
  "kalina": "K",
  "kamila": "K",
  "karina": "K",
  "kordula": "K",
  "laura": "K",
  "lidia": "K",
  "liwia": "K",
  "lucyna": "K",
  "maja": "K",
  "malwina": "K",
  "marcela": "K",
  "marcelina": "K",
  "mariola": "K",
  "matylda": "K",
  "melania": "K",
  "mirosława": "K",
  "nina": "K",
  "olga": "K",
  "renata": "K",
  "romualda": "K",
  "róża": "K",
  "salomea": "K",
  "sandra": "K",
  "stefania": "K",
  "teodora": "K",
  "terezja": "K",
  "wiesława": "K",
  "wanda": "K",
  "wilhelmina": "K",
  "zygmunda": "K",
  "żaneta": "K",
  "adrianna": "K",
  "małgorzata": "K",
  "letycja": "K",
  "lena": "K",
  "aneta": "K",
  "kinga": "K",
  "martyna": "K",
  "anielka": "K",
  "iwona": "K",
  "agata": "K",
  "marzena": "K",
  "nikola": "K",
  "pola": "K",
  "władysława": "K",
  "liliana": "K",
  "sylwia": "K",
  "alicja": "K",
  "milena": "K",
  "andzelika": "K",
  "adriana": "K",
  "lilianna": "K",
  "blanka": "K",
  "nataliia": "K",
  "faustyna": "K",
  "bogusława": "K",
  "ewelina": "K",
  "inga": "K",
  "bernadetta": "K",
  "eugenia": "K",
  "mikołaj": "M",
  "jan": "M",
  "józef": "M",
  "stanisław": "M",
  "franciszek": "M",
  "antoni": "M",
  "władysław": "M",
  "kazimierz": "M",
  "bolesław": "M",
  "tadeusz": "M",
  "henryk": "M",
  "leon": "M",
  "walenty": "M",
  "feliks": "M",
  "alojzy": "M",
  "sebastian": "M",
  "brunon": "M",
  "cyryl": "M",
  "dionizy": "M",
  "emil": "M",
  "eugeniusz": "M",
  "florian": "M",
  "gerard": "M",
  "łukasz": "M",
  "ignacy": "M",
  "jerzy": "M",
  "juliusz": "M",
  "klemens": "M",
  "leopold": "M",
  "lucjan": "M",
  "maksymilian": "M",
  "michał": "M",
  "norbert": "M",
  "olesław": "M",
  "piotr": "M",
  "paweł": "M",
  "rafał": "M",
  "roman": "M",
  "sylwester": "M",
  "teofil": "M",
  "wiktor": "M",
  "wincenty": "M",
  "zbigniew": "M",
  "zygmunt": "M",
  "andrzej": "M",
  "marian": "M",
  "adam": "M",
  "bogdan": "M",
  "bogumił": "M",
  "bronisław": "M",
  "cezary": "M",
  "damian": "M",
  "daniel": "M",
  "dariusz": "M",
  "edward": "M",
  "ernest": "M",
  "euzebiusz": "M",
  "fabian": "M",
  "filip": "M",
  "grzegorz": "M",
  "gustaw": "M",
  "hubert": "M",
  "ireneusz": "M",
  "jakub": "M",
  "janusz": "M",
  "jarosław": "M",
  "jacek": "M",
  "kacper": "M",
  "kamil": "M",
  "karol": "M",
  "krystian": "M",
  "krzysztof": "M",
  "leszek": "M",
  "longin": "M",
  "marek": "M",
  "mateusz": "M",
  "mariusz": "M",
  "modest": "M",
  "nikodem": "M",
  "olaf": "M",
  "oliwier": "M",
  "oskar": "M",
  "patryk": "M",
  "przemysław": "M",
  "radosław": "M",
  "remigiusz": "M",
  "robert": "M",
  "sławomir": "M",
  "stefan": "M",
  "szymon": "M",
  "tomasz": "M",
  "waldemar": "M",
  "wojciech": "M",
  "zenon": "M",
  "arkadiusz": "M",
  "bartłomiej": "M",
  "błażej": "M",
  "bogusław": "M",
  "czesław": "M",
  "dawid": "M",
  "emilian": "M",
  "eustachy": "M",
  "fryderyk": "M",
  "gracjan": "M",
  "julian": "M",
  "konstanty": "M",
  "kornel": "M",
  "kordian": "M",
  "marcel": "M",
  "miron": "M",
  "nataniel": "M",
  "olgierd": "M",
  "otto": "M",
  "ryszard": "M",
  "samuel": "M",
  "serafin": "M",
  "tymoteusz": "M",
  "wacław": "M",
  "wilhelm": "M",
  "zawisza": "M",
  "zbyszko": "M",
  "dominik": "M",
  "marcin": "M",
  "zdzisław": "M",
  "mieczysław": "M",
  "wiesław": "M",
  "mirosław": "M",
  "szczepan": "M",
  "aleksander": "M",
  "ksawery": "M",
  "gabriel": "M",
  "artur": "M",
  "tibor": "M",
  "kuba": "M",
  "maciej": "M",
  "Nadia": "K"
}